{"cid": "UgxbUZXlsCXFdveYv194AaABAg", "text": "at least chelsea has something in the pukas award.\n\nI take that as absolute win", "time": "4Í∞úÏõî Ï†Ñ", "author": "Jodi Ivan Lumbantoruan", "channel": "UCG5zXDZ2a11mtn2_2iYwgsw", "votes": "12", "photo": "https://yt3.ggpht.com/ytc/AAUvwngO649bXMXsQUKVAk5xmej_uMjyx6tLxhvQsRcS=s176-c-k-c0x00ffffff-no-rj", "heart": false}
{"cid": "UgwW6P4ThX_9AHAvLfB4AaABAg", "text": "Son's run is very similar to Maradonnas  GOAT", "time": "4Í∞úÏõî Ï†Ñ(ÏàòÏ†ïÎê®)", "author": "Brian Fisher", "channel": "UCSwMfrmUuaWu0n-bkMBefZA", "votes": "2", "photo": "https://yt3.ggpht.com/ytc/AAUvwngtluxz0p_zsTe-Vghp-IGr1ieY5Cx5XLo1XFVe=s176-c-k-c0x00ffffff-no-rj", "heart": false}
{"cid": "Ugx-fakS2wratD_KQPB4AaABAg", "text": "Great athmosphere for a women football game!", "time": "4Í∞úÏõî Ï†Ñ", "author": "Religia Sportului", "channel": "UC5mBgoBpdcWOl0U_WMlgoaw", "votes": "8", "photo": "https://yt3.ggpht.com/ytc/AAUvwnhlcTjcPVwm8RvNfsN7TH9L0ge9881QB-AYou1_=s176-c-k-c0x00ffffff-no-rj", "heart": false}
{"cid": "UgzPKdNSaF48Lw_AeQB4AaABAg", "text": "That ball flew into the goal in slow-mo. Keeper too late to react.", "time": "4Í∞úÏõî Ï†Ñ", "author": "Thyagarajan Venkatanarayanan", "channel": "UCzhMf81f4tow-eoQE9lrmvQ", "votes": "98", "photo": "https://yt3.ggpht.com/ytc/AAUvwnjI9dS-pWz2GUndgqYtOPa_hmMenszdPtDt77u5WH4=s176-c-k-c0x00ffffff-no-rj", "heart": false}
{"cid": "UgxK1d9sp-Fj0QbHXhR4AaABAg", "text": "Easily the best out of the 3 women that were nominated. Also the only one that would get nominated if it were a man.", "time": "3Í∞úÏõî Ï†Ñ", "author": "James Davidson", "channel": "UCBSk8kpWY3jG35puIkvNEng", "votes": "2", "photo": "https://yt3.ggpht.com/ytc/AAUvwng3DL3BXj3kem9h7qbXXp_PAw-mZ0dAnJ-hC2UlHg=s176-c-k-c0x00ffffff-no-rj", "heart": false}
{"cid": "Ugzwkpsxp1pDnZ23aMt4AaABAg", "text": "This is the best one of women so far", "time": "3Í∞úÏõî Ï†Ñ", "author": "Fede Silva Borrero", "channel": "UCFmgZnMWZ-tg-uoPl2jWEGw", "votes": "1", "photo": "https://yt3.ggpht.com/ytc/AAUvwnhHwD78VgCV7vUgzZ9KV9Fu-FjVYgtCXCZvVah5lMI=s176-c-k-c0x00ffffff-no-rj", "heart": false}
{"cid": "Ugz4phaeUVMenFrL3DZ4AaABAg", "text": "oh better than sonny's one", "time": "3Í∞úÏõî Ï†Ñ", "author": "magic monkey", "channel": "UCIBSdClmNXkNOZ6yRyULucA", "votes": "1", "photo": "https://yt3.ggpht.com/ytc/AAUvwnimNP1IHb0sAprT9RGrkzreHwxukxogKlRhm7uc=s176-c-k-c0x00ffffff-no-rj", "heart": false}
{"cid": "UgzY91uuRAys7lrA54B4AaABAg", "text": "I look at girls who are famous footballers who have signed up", "time": "3Í∞úÏõî Ï†Ñ", "author": "Paul Kint", "channel": "UCPXAqpdbOrOTRINXmSFZTOA", "votes": "1", "photo": "https://yt3.ggpht.com/ytc/AAUvwniM-8a3Lc3KOqC243KjX1kEGptjKlpu-KWeEq9z=s176-c-k-c0x00ffffff-no-rj", "heart": false}
{"cid": "UgyTHqzirXw9xqhm5JZ4AaABAg", "text": "Wouldn‚Äôt be mad if this one, well placed volley", "time": "3Í∞úÏõî Ï†Ñ", "author": "Blap", "channel": "UCZ63_dvzFRHUWAD2m0X-Myw", "votes": "3", "photo": "https://yt3.ggpht.com/ytc/AAUvwnhiTnHOpcGGMRFrXyr-ETYLjSDQC0tFWXXQK-bZ=s176-c-k-c0x00ffffff-no-rj", "heart": false}
{"cid": "UgwUe7QHG0jAN5vjyXV4AaABAg", "text": "its really average tbh", "time": "3Í∞úÏõî Ï†Ñ", "author": "Patrick Cooke", "channel": "UCIwKkLkkHOEhxmXkeVyEAMQ", "votes": "16", "photo": "https://yt3.ggpht.com/ytc/AAUvwnh9iai4mfAVqAhF6TWyjwDSlWEeRMg7cZl5cV0rmA=s176-c-k-c0x00ffffff-no-rj", "heart": false}
{"cid": "UgyfoYflfasKJNHEYlh4AaABAg", "text": "bien jou√© sophie!", "time": "3Í∞úÏõî Ï†Ñ", "author": "Jean Rillet", "channel": "UCnx5tILTj6ttDrWxzDmux7Q", "votes": "0", "photo": "https://yt3.ggpht.com/ytc/AAUvwniWhBv5WS8zPnV-Gs_0hecmAlSBO7pR0QnPwWkgdQ=s176-c-k-c0x00ffffff-no-rj", "heart": false}
{"cid": "UgzVuDNuy8KoeO9bRGF4AaABAg", "text": "Cringe", "time": "3Í∞úÏõî Ï†Ñ", "author": "Kacem Joestar", "channel": "UCTsS0s1rd_d7NQtByzmlFWQ", "votes": "7", "photo": "https://yt3.ggpht.com/ytc/AAUvwnhJgH6NArkibVS9jYW2zBZfSsMPZsfFAVBew0_T4A=s176-c-k-c0x00ffffff-no-rj", "heart": false}
{"cid": "Ugz0tZTj3kh_gpJXB_V4AaABAg", "text": "Will this compete with the mens goals??", "time": "3Í∞úÏõî Ï†Ñ", "author": "Dalek C", "channel": "UCg2PaBiukA6Hvrrr93fkOpA", "votes": "11", "photo": "https://yt3.ggpht.com/ytc/AAUvwnidjiwN8Tlo1IgbxO81pL9pvfXSalGSjjvYTQQWkg=s176-c-k-c0x00ffffff-no-rj", "heart": false}
{"cid": "Ugx85ieTjmrVBrSOaq94AaABAg", "text": "I love this goal. This is one of the best goals from a female player", "time": "3Í∞úÏõî Ï†Ñ", "author": "Irfan Maulana", "channel": "UCJZv3eeDPaySgXVq0UH_Y6A", "votes": "8", "photo": "https://yt3.ggpht.com/ytc/AAUvwnhKJbvV611y4g3e1J93RyUtjHb5ex9ZzTZL-xbw=s176-c-k-c0x00ffffff-no-rj", "heart": false}
{"cid": "UgzTcCFHXfLXe6yHwod4AaABAg", "text": "Cuanto machirulismo en los comments", "time": "3Í∞úÏõî Ï†Ñ", "author": "Ketty √Ånalfer D.", "channel": "UCyk3MYUNCLT1ZLaYqLi3Ntw", "votes": "0", "photo": "https://yt3.ggpht.com/ytc/AAUvwniaaNwBRWv5UhcTc7bQpZmYTYfJy2bFQZcjboUbew=s176-c-k-c0x00ffffff-no-rj", "heart": false}
{"cid": "UgyhmWbEWyhmWkEiwNZ4AaABAg", "text": "Legendary, just out of this world", "time": "3Í∞úÏõî Ï†Ñ", "author": "Cameron Kahn", "channel": "UCO8jlTKunMDz0wZQeE_sl8Q", "votes": "1", "photo": "https://yt3.ggpht.com/ytc/AAUvwnhih0yznK32M8q-peM8r-17H1k7XsA9HhL5XioD0A=s176-c-k-c0x00ffffff-no-rj", "heart": false}
{"cid": "Ugx6m6c-ut_wUzD69Fx4AaABAg", "text": "Was the keeper lost?", "time": "3Í∞úÏõî Ï†Ñ", "author": "Archefluxx Happy Hardcore", "channel": "UCeybrKNLfB8XQfSvECLyeMA", "votes": "0", "photo": "https://yt3.ggpht.com/ytc/AAUvwnhAmsI0uRuhbCVUkmAfb4BzFDfkXYOLzjvS_JHSfSo=s176-c-k-c0x00ffffff-no-rj", "heart": false}
{"cid": "UgwXpXZqJdM6v8mtmEp4AaABAg", "text": "Wow she's beautiful üòç HAHAHAH jkjk", "time": "3Í∞úÏõî Ï†Ñ", "author": "Shaz Nazri", "channel": "UC_VFw6YP1H_Tfcz2cXMkkww", "votes": "0", "photo": "https://yt3.ggpht.com/ytc/AAUvwngXaNV2iaBVbFkMdwdUAhOdyU4WRXHOt3jf3Zwflw=s176-c-k-c0x00ffffff-no-rj", "heart": false}
{"cid": "UgzXXaW7-26CGD5qQvF4AaABAg", "text": "they should consider power,speed, goalie height for the award. Hlomoho Kekana's goal, the keeper can't even react to the ball speed. Even in slow mo it looks fast", "time": "3Í∞úÏõî Ï†Ñ", "author": "ah kong", "channel": "UCeiktUb2FxEoWr-B_NQmRxg", "votes": "2", "photo": "https://yt3.ggpht.com/ytc/AAUvwnhmkWXx_-lSLgIAWF1laXEjEjtM_-EWcKpSb5F_ZQ=s176-c-k-c0x00ffffff-no-rj", "heart": false}
{"cid": "UgzbFY_CWVMBSB4f91N4AaABAg", "text": "Beautiful goal!", "time": "3Í∞úÏõî Ï†Ñ", "author": "abcd", "channel": "UCfnhh_uCKpjTpC7wDoLB8Lw", "votes": "3", "photo": "https://yt3.ggpht.com/ytc/AAUvwnghGuK4QDUdYXkCIhUyvHHziNBwEqL-4H_D07L5=s176-c-k-c0x00ffffff-no-rj", "heart": false}
{"cid": "UgzPKdNSaF48Lw_AeQB4AaABAg.9GhVXheRkUB9HDyh7L30cJ", "text": "its women football,come on man...", "time": "3Í∞úÏõî Ï†Ñ", "author": "Androjde Makaveli", "channel": "UCrMS2yS-Tj3R9I7LowbfRfA", "votes": "1", "photo": "https://yt3.ggpht.com/ytc/AAUvwnjo8-2KtpE0eTPlvG4jcXsgbFaAtP40_U_PEl80jw=s176-c-k-c0x00ffffff-no-rj", "heart": false}
{"cid": "UgzPKdNSaF48Lw_AeQB4AaABAg.9GhVXheRkUB9HAX00Lx76k", "text": "No one could get", "time": "3Í∞úÏõî Ï†Ñ", "author": "Jessiewrld10", "channel": "UC--Ee0pV2SqMHMqHuDbg5Bg", "votes": "0", "photo": "https://yt3.ggpht.com/ytc/AAUvwnjWNstT1VpNf0LY7SxwpewneQ56zI9odKNeXhLO0QE=s176-c-k-c0x00ffffff-no-rj", "heart": false}
{"cid": "Ugzwkpsxp1pDnZ23aMt4AaABAg.9GmEXIkVa4F9Gmq0gCtJxp", "text": "There is a volley nominee", "time": "3Í∞úÏõî Ï†Ñ", "author": "young deco", "channel": "UCqceFNGw7vc3CaD3e7CJchw", "votes": "0", "photo": "https://yt3.ggpht.com/ytc/AAUvwng_lXuyvjpfA-Ek102c1oyf28oxOP9kmE7yeotv=s176-c-k-c0x00ffffff-no-rj", "heart": false}
{"cid": "Ugz4phaeUVMenFrL3DZ4AaABAg.9GoEXKaBA2z9HFX5uG2vCL", "text": "Are you right in the head?", "time": "3Í∞úÏõî Ï†Ñ", "author": "Raven S.J.", "channel": "UCmT-LMyh3tGvke28NMT16bw", "votes": "0", "photo": "https://yt3.ggpht.com/ytc/AAUvwnj08n9EbqnJDbAqDgRRokPb9P3xWhbs2swvNeh9Qg=s176-c-k-c0x00ffffff-no-rj", "heart": false}
{"cid": "UgwUe7QHG0jAN5vjyXV4AaABAg.9H-BUhcI0Qk9HI21XA6WTX", "text": "Sad truth", "time": "3Í∞úÏõî Ï†Ñ", "author": "Melnyx", "channel": "UCPTiMWBzg-vb5BUM1UapBiw", "votes": "0", "photo": "https://yt3.ggpht.com/ytc/AAUvwnjvXzC9Nh_Urk1aPf4PbMOMlITCfeCnLUDzNKdc3A=s176-c-k-c0x00ffffff-no-rj", "heart": false}
{"cid": "UgwUe7QHG0jAN5vjyXV4AaABAg.9H-BUhcI0Qk9HAX4rE9Pov", "text": "Lol", "time": "3Í∞úÏõî Ï†Ñ", "author": "Jessiewrld10", "channel": "UC--Ee0pV2SqMHMqHuDbg5Bg", "votes": "0", "photo": "https://yt3.ggpht.com/ytc/AAUvwnjWNstT1VpNf0LY7SxwpewneQ56zI9odKNeXhLO0QE=s176-c-k-c0x00ffffff-no-rj", "heart": false}
{"cid": "Ugx85ieTjmrVBrSOaq94AaABAg.9H7pVMKID-O9HJcS4m6q9X", "text": "yeah, best goal, like top 100 for womans, top 100,000 for mens. duh?", "time": "3Í∞úÏõî Ï†Ñ", "author": "ah kong", "channel": "UCeiktUb2FxEoWr-B_NQmRxg", "votes": "1", "photo": "https://yt3.ggpht.com/ytc/AAUvwnhmkWXx_-lSLgIAWF1laXEjEjtM_-EWcKpSb5F_ZQ=s176-c-k-c0x00ffffff-no-rj", "heart": false}
{"cid": "Ugx85ieTjmrVBrSOaq94AaABAg.9H7pVMKID-O9HDwidqsZ4N", "text": "¬†@Declan Franey¬† sure mr whiteknight", "time": "3Í∞úÏõî Ï†Ñ", "author": "Rayen veerman", "channel": "UCONQmMPWqNmdVQHHl8YM90g", "votes": "0", "photo": "https://yt3.ggpht.com/ytc/AAUvwnh78D_6D17fDRMI1U2KgLBdoEDlkwP8VJhU1g=s176-c-k-c0x00ffffff-no-rj", "heart": false}
{"cid": "Ugx85ieTjmrVBrSOaq94AaABAg.9H7pVMKID-O9HC5AIsZxcc", "text": "¬†@Declan Franey¬† any male goalkeeper could‚Äôve catch that balloon", "time": "3Í∞úÏõî Ï†Ñ", "author": "Sebasti√°n 305", "channel": "UC-FHjWGuBDsC_n2Hi8StR4g", "votes": "5", "photo": "https://yt3.ggpht.com/ytc/AAUvwnjLE0nYPc_0U93x6_dl6YpO7AmhvKB1q0fykg=s176-c-k-c0x00ffffff-no-rj", "heart": false}
{"cid": "Ugx85ieTjmrVBrSOaq94AaABAg.9H7pVMKID-O9H9WprIRaDj", "text": "Any player*", "time": "3Í∞úÏõî Ï†Ñ", "author": "Declan Franey", "channel": "UCd26XYg79qXSp8aPC3HzWFA", "votes": "2", "photo": "https://yt3.ggpht.com/ytc/AAUvwniT72OhU7RBjFFlYkKgWnlvX-24zdP387VPQjciMg=s176-c-k-c0x00ffffff-no-rj", "heart": false}
{"cid": "UgzTcCFHXfLXe6yHwod4AaABAg.9H8egwUsEHQ9HSaOEOsIHb", "text": "No hay machirulos, solo gente diciendo la verdad. Y es que este gol no merece estar nominado, desde la velocidad de la pelota hasta el posicionamiento de la portera y las defensas hacen que este gol sea f√°cil. La forma en la que le pego y el posicionamiento de la pelota son buenos pero no quitan el resto de cosas que lo hacen regular.", "time": "3Í∞úÏõî Ï†Ñ", "author": "Nico", "channel": "UCnJ7cvZIKE6Y8Z6_qfB947A", "votes": "0", "photo": "https://yt3.ggpht.com/ytc/AAUvwnhiJ74TWL16Xe_S5dEnIUyrE7hzg2gM5hcG9oBFYQ=s176-c-k-c0x00ffffff-no-rj", "heart": false}
{"cid": "UgxHPaxA9MvezDGlqoN4AaABAg", "text": "The Best Goll", "time": "4Í∞úÏõî Ï†Ñ", "author": "Rosi Zona", "channel": "UCOxfelYBQ6C17DdHVc5HpVA", "votes": "0", "photo": "https://yt3.ggpht.com/ytc/AAUvwniC3RRpRfu3bY109wKJPojBsBYEDomIh0yPVw=s176-c-k-c0x00ffffff-no-rj", "heart": false}
{"cid": "UgyjHouHJMrr0lBPMeN4AaABAg", "text": "Wow amazing", "time": "4Í∞úÏõî Ï†Ñ", "author": "Pharrel Sekyi", "channel": "UCFU1O_DLSN1QsNXctMuBrvA", "votes": "1", "photo": "https://yt3.ggpht.com/ytc/AAUvwniN3PmL-a_MYDEWpY6JO4dSjEY_xSnvVtviyIU5Ag=s176-c-k-c0x00ffffff-no-rj", "heart": false}
{"cid": "UgwCzfXg5yjQp5F3FZF4AaABAg", "text": "First", "time": "4Í∞úÏõî Ï†Ñ", "author": "XAVI BONILLA", "channel": "UCcl_lk-2BwikNx_InKXd_DQ", "votes": "0", "photo": "https://yt3.ggpht.com/ytc/AAUvwni1WYDa1BD-62k6ykLKTMAuisjyU6RV6tyL2Am8=s176-c-k-c0x00ffffff-no-rj", "heart": false}
{"cid": "UgxJn5JjCffOfDr8pGJ4AaABAg", "text": "First", "time": "4Í∞úÏõî Ï†Ñ", "author": "Ïò§ÏÇ∞u12ÏÑ∏ÌòÑ", "channel": "UCxOuWJjIjez_3uB-oZIlY5w", "votes": "0", "photo": "https://yt3.ggpht.com/ytc/AAUvwngBBWXo6OYEmXzmYLbSoyiVXBFBeP57Xjunwz5L=s176-c-k-c0x00ffffff-no-rj", "heart": false}
{"cid": "UgwLkTF1ScDxiqIc_LJ4AaABAg", "text": "Boom! Beautiful.", "time": "4Í∞úÏõî Ï†Ñ", "author": "David", "channel": "UCAVMbYa6aJTUezGaU07PGFg", "votes": "7", "photo": "https://yt3.ggpht.com/ytc/AAUvwngmRVgBsk6DZgoxkmqvBSEfcDL5-UO_Xb61Fboj=s176-c-k-c0x00ffffff-no-rj", "heart": false}
{"cid": "Ugz7aQ_6J3YohNZnhgt4AaABAg", "text": "Way better than caroline's.", "time": "4Í∞úÏõî Ï†Ñ", "author": "Christiano Pulinaldo", "channel": "UCfYzk0oRL0wMlWfviZg4RTA", "votes": "33", "photo": "https://yt3.ggpht.com/ytc/AAUvwni3V_cdAkDAh4NJ1XvSAv_EjjQZnNsTVJwThM-P=s176-c-k-c0x00ffffff-no-rj", "heart": false}
{"cid": "UgxAVT9TMK9YrsnquMR4AaABAg", "text": "top 3", "time": "4Í∞úÏõî Ï†Ñ", "author": "Gabe", "channel": "UCFwdL_WkKxwg3QhgVliTyAA", "votes": "0", "photo": "https://yt3.ggpht.com/ytc/AAUvwnjS49_BV1EZA94s3eH6zu5i3RNHOTNC8Sp4lTo0kWE=s176-c-k-c0x00ffffff-no-rj", "heart": false}
{"cid": "Ugy8sYcW5OooejdZ7jR4AaABAg", "text": "Imo this is the only women‚Äôs ones that would be nominated if it was a man too", "time": "4Í∞úÏõî Ï†Ñ", "author": "Calum Wainwright", "channel": "UCxXfx-n5JGbwZwjUW47aP1A", "votes": "204", "photo": "https://yt3.ggpht.com/ytc/AAUvwngMMMqnfpvz9Pzf8pmPYajVi0iWs35jTA2X77pIYg=s176-c-k-c0x00ffffff-no-rj", "heart": false}
{"cid": "Ugz4-eT8JVtmAAdlY3Z4AaABAg", "text": "Okay but look at the positioning of that keeper üòÇ", "time": "4Í∞úÏõî Ï†Ñ", "author": "Ewan Allison", "channel": "UCcFVc52qmJszg-r7MJ6kg-A", "votes": "344", "photo": "https://yt3.ggpht.com/ytc/AAUvwngkVE08626ubZFzp9PhxImgAqgtfZSqejgzUrQryQ=s176-c-k-c0x00ffffff-no-rj", "heart": false}
{"cid": "Ugxc9NQK2de3Uh_IbHV4AaABAg", "text": "Not being misogynistic but John McGinn scored like this and he didn't make it to Puskas.", "time": "4Í∞úÏõî Ï†Ñ", "author": "FootballLandHD", "channel": "UCrCgx-e9KsFlD8XpENwi0-Q", "votes": "10", "photo": "https://yt3.ggpht.com/ytc/AAUvwng9LRprsHB6hbFhqwbzzuMm87IxlzdKZbxnMk0Q=s176-c-k-c0x00ffffff-no-rj", "heart": false}
{"cid": "Ugw--7abdIn5hweAMW54AaABAg", "text": "That goalkeeper's height must be 4'6.", "time": "4Í∞úÏõî Ï†Ñ", "author": "Paul", "channel": "UCblGW_5Oo9OnhI8te9aJ0eg", "votes": "131", "photo": "https://yt3.ggpht.com/ytc/AAUvwnhx0bCMyIUFriqmlhF5US0zerBM9oTz74qK9VdECA=s176-c-k-c0x00ffffff-no-rj", "heart": false}
{"cid": "UgyPYTZfnSfOIltNB_N4AaABAg", "text": "What a goal! Women‚Äôs football gets better each and every game! It‚Äôs more entertaining than some of the men‚Äôs matches", "time": "4Í∞úÏõî Ï†Ñ", "author": "Nathan Ewing", "channel": "UCZYZNnOdvuSAgrp12ktM4ew", "votes": "8", "photo": "https://yt3.ggpht.com/ytc/AAUvwnjbkzNXH1VhzZpSHy7V3ITmeNrhbnoin80HEQ=s176-c-k-c0x00ffffff-no-rj", "heart": false}
{"cid": "UgyMNZB0Rs7KRFDlXYl4AaABAg", "text": "Jajajaja hasta yo la meto de esa forma xF", "time": "4Í∞úÏõî Ï†Ñ", "author": "The real Beats", "channel": "UCDl-4fSe2wnsclD1Yn__VRw", "votes": "5", "photo": "https://yt3.ggpht.com/ytc/AAUvwniHYoM1Y6TVaKtc--e1rbIvX3aB1Q4kdqnnhUVo=s176-c-k-c0x00ffffff-no-rj", "heart": false}
{"cid": "UgxDaVFHsqEOjoai0xJ4AaABAg", "text": "Golazo", "time": "4Í∞úÏõî Ï†Ñ", "author": "PARIS SOUTH", "channel": "UCahzEKxQbv3vRpbBorVmsUw", "votes": "8", "photo": "https://yt3.ggpht.com/ytc/AAUvwnigMu1gQwRcgnRmgcuPCLG7_q2r3Yt5o6QzagTH=s176-c-k-c0x00ffffff-no-rj", "heart": false}
{"cid": "Ugy8sYcW5OooejdZ7jR4AaABAg.9GUh4wvt7W_9H5hRvrublW", "text": "Stop the cap", "time": "3Í∞úÏõî Ï†Ñ", "author": "Piotr", "channel": "UCMMwYVgNRKTSvbE3qrLg1kQ", "votes": "0", "photo": "https://yt3.ggpht.com/ytc/AAUvwnhvNAo_DGqHxgouQ_ruJ34YxxE3-IvBj3b9XQ=s176-c-k-c0x00ffffff-no-rj", "heart": false}
{"cid": "Ugy8sYcW5OooejdZ7jR4AaABAg.9GUh4wvt7W_9H-AWcU_BOn", "text": "No. This one slow and not even top top corner", "time": "3Í∞úÏõî Ï†Ñ", "author": "Shinta Kikuchi", "channel": "UCnTXLfFvy2PR88o0AMQ3Arg", "votes": "1", "photo": "https://yt3.ggpht.com/ytc/AAUvwnh0v6fII113qEFnYh02lvWyOnt2WBD7z4B3z1JksUE=s176-c-k-c0x00ffffff-no-rj", "heart": false}
{"cid": "Ugy8sYcW5OooejdZ7jR4AaABAg.9GUh4wvt7W_9Gd0Iw5b6A8", "text": "It's just bad positioning of the keeper and slow reaction. The ball travelled slower than a snail", "time": "4Í∞úÏõî Ï†Ñ", "author": "The Second Cuming", "channel": "UCQWqaecsFCtZ-gHflI6tXxw", "votes": "9", "photo": "https://yt3.ggpht.com/ytc/AAUvwngNcHHIfjGqf40l8NFrZzWbyxT1bEZEFLaVOvcc=s176-c-k-c0x00ffffff-no-rj", "heart": false}
{"cid": "Ugy8sYcW5OooejdZ7jR4AaABAg.9GUh4wvt7W_9GVZ91VG8F4", "text": "dmn right lol", "time": "4Í∞úÏõî Ï†Ñ", "author": "David Comba Moreno", "channel": "UCDGo9hU5jFpT9e7MqyB3m1g", "votes": "0", "photo": "https://yt3.ggpht.com/ytc/AAUvwnikK25Bq3lf0GKuj85d7_iYVqfLVtwg5fdHFRRqUw=s176-c-k-c0x00ffffff-no-rj", "heart": false}
{"cid": "Ugy8sYcW5OooejdZ7jR4AaABAg.9GUh4wvt7W_9GV-E2lSt7G", "text": "false. i can name at least 10 other times people have scored like this or better in similiar fashion that arent on puskas", "time": "4Í∞úÏõî Ï†Ñ", "author": "bryan", "channel": "UCUAQR6OoPMMbuGCr5ssBPyw", "votes": "42", "photo": "https://yt3.ggpht.com/ytc/AAUvwngJ8faYEJ44IkMfWKKewIQjk7gF9cQtX2O4tg=s176-c-k-c0x00ffffff-no-rj", "heart": false}
{"cid": "Ugy8sYcW5OooejdZ7jR4AaABAg.9GUh4wvt7W_9GUoe5pCA52", "text": "The volley is better", "time": "4Í∞úÏõî Ï†Ñ", "author": "OverratedSanity", "channel": "UCFKnvkfPOQ33-2iwFRvX6Kg", "votes": "0", "photo": "https://yt3.ggpht.com/ytc/AAUvwngcy7JA3Ov55TOwm_EbVotWAXGxGhdfIlCpEQ=s176-c-k-c0x00ffffff-no-rj", "heart": false}
{"cid": "Ugy8sYcW5OooejdZ7jR4AaABAg.9GUh4wvt7W_9GUhCAs7kSl", "text": "Yes", "time": "4Í∞úÏõî Ï†Ñ", "author": "Christiano Pulinaldo", "channel": "UCfYzk0oRL0wMlWfviZg4RTA", "votes": "3", "photo": "https://yt3.ggpht.com/ytc/AAUvwni3V_cdAkDAh4NJ1XvSAv_EjjQZnNsTVJwThM-P=s176-c-k-c0x00ffffff-no-rj", "heart": false}
{"cid": "Ugz4-eT8JVtmAAdlY3Z4AaABAg.9GUheCg1lyn9HTHPzCubUx", "text": "She was on the side of the ball I don‚Äôt see much wrong with taht", "time": "3Í∞úÏõî Ï†Ñ", "author": "Ahmed A", "channel": "UCL0l5sI8qRc3Lxe4z1rK7RA", "votes": "0", "photo": "https://yt3.ggpht.com/ytc/AAUvwnhr1yms99zuMnLztIQwGKMbyl8p7nV3g_fWo_sI=s176-c-k-c0x00ffffff-no-rj", "heart": false}
{"cid": "Ugz4-eT8JVtmAAdlY3Z4AaABAg.9GUheCg1lyn9GsmiwSFZ28", "text": "¬†@Ben Starling¬† Lol", "time": "3Í∞úÏõî Ï†Ñ", "author": "TABO", "channel": "UC7UazJv8xXMP48d56jvVuLw", "votes": "0", "photo": "https://yt3.ggpht.com/ytc/AAUvwnhcNI-nFVlN6hBEiXnEFAdq6KA6Hot-IZXgqLn9sA=s176-c-k-c0x00ffffff-no-rj", "heart": false}
{"cid": "Ugz4-eT8JVtmAAdlY3Z4AaABAg.9GUheCg1lyn9GXHiSGOv47", "text": "¬†@heppolo¬† that rocket goal?", "time": "4Í∞úÏõî Ï†Ñ", "author": "Muhammad Ameruddin", "channel": "UCpNZXdTWzNjs-HmuBwF7yfg", "votes": "0", "photo": "https://yt3.ggpht.com/ytc/AAUvwnhspQBDAnCH7cyRoxTtPQLTEniVCy6lKlLuew=s176-c-k-c0x00ffffff-no-rj", "heart": false}
{"cid": "Ugz4-eT8JVtmAAdlY3Z4AaABAg.9GUheCg1lyn9GXHZBpR9SN", "text": "Look at the ecuadorian goal though...", "time": "4Í∞úÏõî Ï†Ñ", "author": "heppolo", "channel": "UCQ2YUcvJDYfK-B8f04Q_FPw", "votes": "2", "photo": "https://yt3.ggpht.com/ytc/AAUvwnjDNZjektmKoSb2sswBC_IM61InM5SBufPiKQ=s176-c-k-c0x00ffffff-no-rj", "heart": false}
{"cid": "Ugz4-eT8JVtmAAdlY3Z4AaABAg.9GUheCg1lyn9GUtreR3qKj", "text": "Still a better position than Kepa would have took up", "time": "4Í∞úÏõî Ï†Ñ", "author": "Ben Starling", "channel": "UCWdAzBYeye6OfVgzjgMtJKQ", "votes": "29", "photo": "https://yt3.ggpht.com/ytc/AAUvwngwzyxCRN_-MUc6Skavs0QGqcoJ8_MV-_A09WAH=s176-c-k-c0x00ffffff-no-rj", "heart": false}
{"cid": "Ugz4-eT8JVtmAAdlY3Z4AaABAg.9GUheCg1lyn9GUtrGq2bDk", "text": "I think she was expecting the near post header", "time": "4Í∞úÏõî Ï†Ñ", "author": "Colby Houston", "channel": "UCspO1Ls5f6GeymNUjlI-gKQ", "votes": "7", "photo": "https://yt3.ggpht.com/ytc/AAUvwnhrnoB0ku-HXuEEPSem49bbQJ7mJQRQbpjaFgnc=s176-c-k-c0x00ffffff-no-rj", "heart": false}
{"cid": "Ugz4-eT8JVtmAAdlY3Z4AaABAg.9GUheCg1lyn9GUrneiwlzq", "text": "What we can expect when women play lol", "time": "4Í∞úÏõî Ï†Ñ", "author": "Muhammad Ameruddin", "channel": "UCpNZXdTWzNjs-HmuBwF7yfg", "votes": "15", "photo": "https://yt3.ggpht.com/ytc/AAUvwnhspQBDAnCH7cyRoxTtPQLTEniVCy6lKlLuew=s176-c-k-c0x00ffffff-no-rj", "heart": false}
{"cid": "Ugz4-eT8JVtmAAdlY3Z4AaABAg.9GUheCg1lyn9GUidZDKPlZ", "text": "Simple, Women", "time": "4Í∞úÏõî Ï†Ñ", "author": "homero simpson", "channel": "UCOXPZNFjfrzQV7_nlcHDzMw", "votes": "49", "photo": "https://yt3.ggpht.com/ytc/AAUvwniIu6wyfqxIlUL0QoiuS_rU803gbJE2y_fn=s176-c-k-c0x00ffffff-no-rj", "heart": false}
{"cid": "Ugxc9NQK2de3Uh_IbHV4AaABAg.9GUt1LMvITz9GXLDw6dQt_", "text": "¬†@Abarai Renji¬† oh ok", "time": "4Í∞úÏõî Ï†Ñ", "author": "FootballLandHD", "channel": "UCrCgx-e9KsFlD8XpENwi0-Q", "votes": "3", "photo": "https://yt3.ggpht.com/ytc/AAUvwng9LRprsHB6hbFhqwbzzuMm87IxlzdKZbxnMk0Q=s176-c-k-c0x00ffffff-no-rj", "heart": false}
{"cid": "Ugxc9NQK2de3Uh_IbHV4AaABAg.9GUt1LMvITz9GXKFEWC6z6", "text": "¬†@FootballLandHD¬† I mean, because there is no separate pusk√°s award for female footballers, they have to include a few female goals for diversity purposes otherwise it would be \"sexist\"", "time": "4Í∞úÏõî Ï†Ñ(ÏàòÏ†ïÎê®)", "author": "Abarai Renji", "channel": "UCmMIA-2Jm0szRrg7ola-ExA", "votes": "7", "photo": "https://yt3.ggpht.com/ytc/AAUvwnjiwk5A2CIVhOC-IhJlIBdkV-cgDihjN7uHCH5i=s176-c-k-c0x00ffffff-no-rj", "heart": false}
{"cid": "Ugxc9NQK2de3Uh_IbHV4AaABAg.9GUt1LMvITz9GXJooNpCCe", "text": "¬†@Abarai Renji¬† Dk what you mean by that but ok", "time": "4Í∞úÏõî Ï†Ñ", "author": "FootballLandHD", "channel": "UCrCgx-e9KsFlD8XpENwi0-Q", "votes": "0", "photo": "https://yt3.ggpht.com/ytc/AAUvwng9LRprsHB6hbFhqwbzzuMm87IxlzdKZbxnMk0Q=s176-c-k-c0x00ffffff-no-rj", "heart": false}
{"cid": "Ugxc9NQK2de3Uh_IbHV4AaABAg.9GUt1LMvITz9GXIpDkzSbs", "text": "Quotas have to be filled mate", "time": "4Í∞úÏõî Ï†Ñ", "author": "Abarai Renji", "channel": "UCmMIA-2Jm0szRrg7ola-ExA", "votes": "6", "photo": "https://yt3.ggpht.com/ytc/AAUvwnjiwk5A2CIVhOC-IhJlIBdkV-cgDihjN7uHCH5i=s176-c-k-c0x00ffffff-no-rj", "heart": false}
{"cid": "UgyPYTZfnSfOIltNB_N4AaABAg.9GUxsPeRJFJ9HJcqxAh-b0", "text": "i wish the goal has more power & speed, it seems very average to me.", "time": "3Í∞úÏõî Ï†Ñ", "author": "ah kong", "channel": "UCeiktUb2FxEoWr-B_NQmRxg", "votes": "0", "photo": "https://yt3.ggpht.com/ytc/AAUvwnhmkWXx_-lSLgIAWF1laXEjEjtM_-EWcKpSb5F_ZQ=s176-c-k-c0x00ffffff-no-rj", "heart": false}
{"cid": "UgyPYTZfnSfOIltNB_N4AaABAg.9GUxsPeRJFJ9Gd3ZV1Yq0Z", "text": "¬†@Guilherme Bahia¬† We all know that. Its all about entertainment in the end.\n\nIts like watching youth football or midtable teams football. Quality is lower and both teams have similar quality but still fun.", "time": "4Í∞úÏõî Ï†Ñ", "author": "Frank Reynolds", "channel": "UC_0rsUmuz5jgry-pWvOffCQ", "votes": "1", "photo": "https://yt3.ggpht.com/ytc/AAUvwngDH9tt0DbIGujgHX_rNblK4SMial6tdUXkHPkF=s176-c-k-c0x00ffffff-no-rj", "heart": false}
{"cid": "UgyPYTZfnSfOIltNB_N4AaABAg.9GUxsPeRJFJ9Gd1MCPvhnC", "text": "¬†@Frank Reynolds¬† in every sport the men's game is superior...\nThis is simply genetics ü§∑üèª‚Äç‚ôÇÔ∏è", "time": "4Í∞úÏõî Ï†Ñ", "author": "Guilherme Bahia", "channel": "UCcdy3PIFfuJSgms_QInzd4w", "votes": "4", "photo": "https://yt3.ggpht.com/ytc/AAUvwnh60BHwrckRBexRyq9-FZbyeOyAXIAQgdn1WCRj0QU=s176-c-k-c0x00ffffff-no-rj", "heart": false}
{"cid": "UgyPYTZfnSfOIltNB_N4AaABAg.9GUxsPeRJFJ9Gd15FIySvm", "text": "¬†@Guilherme Bahia¬† With how much more money they spend at men's game and how matured it has become, ofcourse the quality is big. \nStill women's football is rapidly improving and has become very entertaining.", "time": "4Í∞úÏõî Ï†Ñ", "author": "Frank Reynolds", "channel": "UC_0rsUmuz5jgry-pWvOffCQ", "votes": "1", "photo": "https://yt3.ggpht.com/ytc/AAUvwngDH9tt0DbIGujgHX_rNblK4SMial6tdUXkHPkF=s176-c-k-c0x00ffffff-no-rj", "heart": false}
{"cid": "UgyPYTZfnSfOIltNB_N4AaABAg.9GUxsPeRJFJ9G_vRq74kDR", "text": "¬†@Guilherme Bahia¬† yeah there may be a gap but it‚Äôs still entertaining and there scoring these goals at their level? Men score the same goals against players of their level so really it‚Äôs just as impressive", "time": "4Í∞úÏõî Ï†Ñ", "author": "Nathan Ewing", "channel": "UCZYZNnOdvuSAgrp12ktM4ew", "votes": "2", "photo": "https://yt3.ggpht.com/ytc/AAUvwnjbkzNXH1VhzZpSHy7V3ITmeNrhbnoin80HEQ=s176-c-k-c0x00ffffff-no-rj", "heart": false}
{"cid": "UgyMNZB0Rs7KRFDlXYl4AaABAg.9GV-sYQx91G9HcENbpP3Ib", "text": "¬†@Marflo¬† Pero no es tan entretenido como el masculino, ya que al ser m√°s r√°pido y duro se vuelve m√°s divertido de ver", "time": "3Í∞úÏõî Ï†Ñ", "author": "Nico", "channel": "UCnJ7cvZIKE6Y8Z6_qfB947A", "votes": "0", "photo": "https://yt3.ggpht.com/ytc/AAUvwnhiJ74TWL16Xe_S5dEnIUyrE7hzg2gM5hcG9oBFYQ=s176-c-k-c0x00ffffff-no-rj", "heart": false}
{"cid": "UgyMNZB0Rs7KRFDlXYl4AaABAg.9GV-sYQx91G9HVazBoxo14", "text": "¬†@Nico¬† nunca dije que ten√≠an el mismo nivel, solo digo de qu√© (hablando de entretener) son infravaloradas, ya que ten en cuenta que no juegan con un Bayern Munich, juegan con alguien de su mismo nivel lo cual lo hace entretenido", "time": "3Í∞úÏõî Ï†Ñ", "author": "Marflo", "channel": "UCbpfmDg29O7TSiU2ilkoNLg", "votes": "0", "photo": "https://yt3.ggpht.com/ytc/AAUvwni1T2GR0x4o1TpQvEx6F55OoNfJlYaRDf5AcE4CkQ=s176-c-k-c0x00ffffff-no-rj", "heart": false}
{"cid": "UgyMNZB0Rs7KRFDlXYl4AaABAg.9GV-sYQx91G9HV4N3FQ_uB", "text": "¬†@Marflo¬† Tengo 16 a√±os, y he visto a chicos de mi edad meter goles como este muchas veces. Y no es que el f√∫tbol femenino este infravalorado, si no que no tienen el mismo nivel que los hombres por obvias razones anat√≥micas. Para que tengas una idea de la diferencia de niveles toma por ejemplo el equipo femenino que sali√≥ campe√≥n mundial, perdieron 5 a 2 contra un equipo de de chicos de 15.", "time": "3Í∞úÏõî Ï†Ñ", "author": "Nico", "channel": "UCnJ7cvZIKE6Y8Z6_qfB947A", "votes": "0", "photo": "https://yt3.ggpht.com/ytc/AAUvwnhiJ74TWL16Xe_S5dEnIUyrE7hzg2gM5hcG9oBFYQ=s176-c-k-c0x00ffffff-no-rj", "heart": false}
{"cid": "UgyMNZB0Rs7KRFDlXYl4AaABAg.9GV-sYQx91G9HSx7c9JyxP", "text": "¬†@Nico¬† si wey pero te aseguro que el ni entrar√≠a al femenil, siento que el f√∫tbol de las mujeres est√° muy infravalorado por los hombres y muy sobrevalorado por las mujeres", "time": "3Í∞úÏõî Ï†Ñ", "author": "Marflo", "channel": "UCbpfmDg29O7TSiU2ilkoNLg", "votes": "0", "photo": "https://yt3.ggpht.com/ytc/AAUvwni1T2GR0x4o1TpQvEx6F55OoNfJlYaRDf5AcE4CkQ=s176-c-k-c0x00ffffff-no-rj", "heart": false}
{"cid": "UgyMNZB0Rs7KRFDlXYl4AaABAg.9GV-sYQx91G9HS_zaAg3f-", "text": "¬†@Marflo¬† Porque el f√∫tbol masculino es mucho m√°s competitivo y exigente que el femenino, por lo tanto es m√°s dif√≠cil que un hombre sea jugador profesional que una mujer.", "time": "3Í∞úÏõî Ï†Ñ", "author": "Nico", "channel": "UCnJ7cvZIKE6Y8Z6_qfB947A", "votes": "0", "photo": "https://yt3.ggpht.com/ytc/AAUvwnhiJ74TWL16Xe_S5dEnIUyrE7hzg2gM5hcG9oBFYQ=s176-c-k-c0x00ffffff-no-rj", "heart": false}
{"cid": "UgyMNZB0Rs7KRFDlXYl4AaABAg.9GV-sYQx91G9Gfy0ViskSh", "text": "Porque no juegas de profesional?", "time": "4Í∞úÏõî Ï†Ñ", "author": "Marflo", "channel": "UCbpfmDg29O7TSiU2ilkoNLg", "votes": "0", "photo": "https://yt3.ggpht.com/ytc/AAUvwni1T2GR0x4o1TpQvEx6F55OoNfJlYaRDf5AcE4CkQ=s176-c-k-c0x00ffffff-no-rj", "heart": false}
